,ZillowIndexDate,2016-01-31,2016-02-29,2016-03-31,2016-04-30,2016-05-31,2016-06-30,2016-07-31,2016-08-31,2016-09-30,2016-10-31,2016-11-30,2016-12-31,2017-01-31,2017-02-28,2017-03-31,2017-04-30,2017-05-31,2017-06-30,2017-07-31,2017-08-31,2017-09-30,2017-10-31,2017-11-30,2017-12-31,2018-01-31,2018-02-28,2018-03-31,2018-04-30,2018-05-31,2018-06-30,2018-07-31,2018-08-31,2018-09-30,2018-10-31,2018-11-30,2018-12-31,2019-01-31,2019-02-28,2019-03-31,2019-04-30,2019-05-31,2019-06-30,2019-07-31,2019-08-31,2019-09-30,2019-10-31,2019-11-30,2019-12-31,2020-01-31,2020-02-29,2020-03-31,2020-04-30,2020-05-31,2020-06-30,2020-07-31,2020-08-31,2020-09-30,2020-10-31
0,Grand Junction,198799.0,199310.0,200019.0,201217.0,202646.0,204359.0,205473.0,206380.0,206262.0,206089.0,205870.0,206833.0,207880.0,209869.0,211034.0,211992.0,212139.0,212916.0,213944.0,215920.0,218233.0,220603.0,222086.0,223540.0,225192.0,226491.0,228003.0,230500.0,233188.0,235259.0,236605.0,237748.0,238510.0,239802.0,241570.0,243382.0,244047.0,243733.0,244346.0,245302.0,247668.0,249012.0,250388.0,251455.0,253659.0,254944.0,256346.0,257011.0,258972.0,261728.0,263850.0,265254.0,265653.0,267109.0,268958.0,271020.0,272388.0,274229.0
1,Durango,411882.0,414127.0,416453.0,417390.0,418687.0,420459.0,421860.0,423862.0,425253.0,426367.0,427304.0,428368.0,429901.0,430896.0,431981.0,432396.0,434021.0,434782.0,436230.0,437732.0,440280.0,442569.0,443009.0,443779.0,445129.0,448558.0,451297.0,452749.0,450669.0,450275.0,450693.0,450267.0,447563.0,445752.0,448071.0,451556.0,454445.0,459675.0,463971.0,469642.0,470526.0,471410.0,469615.0,470044.0,470281.0,470208.0,468336.0,466058.0,463627.0,458854.0,455431.0,452199.0,454210.0,455794.0,458998.0,461168.0,464640.0,468360.0
2,Montrose,245491.0,246607.0,247718.0,248871.0,250000.0,251235.0,252248.0,253364.0,254300.0,255263.0,256259.0,257305.0,258517.0,259777.0,260936.0,261951.0,262817.0,263657.0,264641.0,265665.0,266972.0,268387.0,269957.0,271608.0,273066.0,274082.0,275094.0,276103.0,277346.0,278371.0,279246.0,280197.0,281046.0,281790.0,282916.0,284021.0,285180.0,285886.0,286619.0,287419.0,288428.0,289494.0,290612.0,291621.0,292518.0,292958.0,292710.0,292365.0,292482.0,293171.0,293896.0,294655.0,295222.0,295900.0,296638.0,297474.0,298473.0,299945.0
3,Steamboat Springs,560939.0,564109.0,567128.0,569070.0,571506.0,574420.0,577965.0,580990.0,583659.0,585892.0,588166.0,590276.0,592365.0,594536.0,596385.0,598744.0,599127.0,599507.0,599292.0,601089.0,603168.0,605871.0,609019.0,612934.0,616625.0,619825.0,623541.0,628239.0,634193.0,638309.0,641261.0,642455.0,643853.0,644005.0,645323.0,646523.0,648527.0,649647.0,651789.0,656011.0,663296.0,669084.0,673247.0,673894.0,674711.0,673048.0,670139.0,667033.0,665917.0,665992.0,665643.0,663852.0,660203.0,659121.0,660488.0,665465.0,670768.0,679042.0
4,Fort Morgan,163400.0,164399.0,165402.0,166433.0,167664.0,168931.0,170203.0,171484.0,172772.0,174037.0,175360.0,176740.0,177990.0,179299.0,180496.0,181830.0,183031.0,184386.0,185677.0,187073.0,188518.0,190082.0,191792.0,193534.0,195063.0,196565.0,198113.0,199679.0,201040.0,202163.0,203283.0,204513.0,205678.0,206657.0,207817.0,209002.0,210397.0,211420.0,212432.0,213381.0,214582.0,215695.0,216847.0,217880.0,218922.0,219881.0,220351.0,220740.0,221178.0,221864.0,222507.0,223101.0,223572.0,224132.0,224609.0,225033.0,225409.0,225858.0
5,Glenwood Springs,406115.0,406666.0,409412.0,414240.0,416560.0,416690.0,417280.0,419976.0,424495.0,431344.0,435713.0,439599.0,442350.0,443669.0,445013.0,445262.0,450180.0,456621.0,463169.0,468047.0,470187.0,471848.0,474520.0,479967.0,485818.0,492133.0,495315.0,497725.0,498656.0,500786.0,502133.0,501876.0,502061.0,500902.0,502406.0,501605.0,499990.0,497374.0,497692.0,501998.0,505440.0,507446.0,507143.0,508869.0,510467.0,512842.0,512644.0,512752.0,514379.0,516850.0,518663.0,518100.0,518133.0,518600.0,521389.0,523836.0,526842.0,530049.0
6,Fruita,228993.0,229170.0,229727.0,231090.0,232667.0,234902.0,236342.0,237193.0,236527.0,235839.0,235267.0,236101.0,237468.0,239941.0,241558.0,242752.0,242960.0,243898.0,245093.0,247544.0,250285.0,253110.0,255038.0,257032.0,259399.0,261208.0,263210.0,266538.0,270011.0,272749.0,274291.0,275739.0,276920.0,278753.0,281095.0,283232.0,283942.0,283635.0,284445.0,285477.0,287937.0,288984.0,290342.0,291458.0,294097.0,295526.0,296913.0,297551.0,299660.0,302666.0,304917.0,306412.0,306966.0,308915.0,311301.0,313734.0,315148.0,317210.0
7,Pagosa Springs,274869.0,276478.0,277970.0,278554.0,279700.0,280795.0,281909.0,282798.0,283851.0,284851.0,286147.0,287502.0,286420.0,285456.0,284558.0,286227.0,287584.0,288885.0,290221.0,291791.0,293492.0,295410.0,297400.0,299649.0,302309.0,304792.0,307257.0,309049.0,310547.0,312201.0,313512.0,315324.0,316545.0,317489.0,318736.0,320050.0,321928.0,323353.0,324732.0,326034.0,327572.0,328871.0,330260.0,331349.0,332494.0,333587.0,334055.0,334419.0,334725.0,335431.0,336147.0,336724.0,337292.0,337945.0,338652.0,339256.0,340053.0,340962.0
8,Breckenridge,523905.0,528645.0,535439.0,542180.0,548413.0,551527.0,554870.0,557674.0,561190.0,565898.0,572329.0,579386.0,584588.0,587078.0,589886.0,593891.0,600400.0,607226.0,614364.0,621790.0,629725.0,637471.0,645105.0,651169.0,657499.0,665544.0,674720.0,684043.0,691481.0,698873.0,705108.0,709796.0,713136.0,716502.0,722331.0,726925.0,731508.0,736260.0,742259.0,747448.0,749255.0,750298.0,751984.0,752638.0,752345.0,752890.0,753780.0,756936.0,758367.0,759397.0,758712.0,758317.0,760912.0,764154.0,767377.0,772123.0,778143.0,783510.0
9,Aspen,1725493.0,1737354.0,1746681.0,1754904.0,1762836.0,1772869.0,1780451.0,1786817.0,1791261.0,1799232.0,1810596.0,1820168.0,1826343.0,1832393.0,1840009.0,1847651.0,1854546.0,1864203.0,1874545.0,1887002.0,1898299.0,1910560.0,1921903.0,1934566.0,1945517.0,1955752.0,1966137.0,1976133.0,1986760.0,1990332.0,1993171.0,1993371.0,1997657.0,2003252.0,2014104.0,2025485.0,2035311.0,2040580.0,2045506.0,2049656.0,2051283.0,2056153.0,2059370.0,2066107.0,2068734.0,2071712.0,2068376.0,2064519.0,2063593.0,2066913.0,2070502.0,2075267.0,2082096.0,2089496.0,2098796.0,2106824.0,2117058.0,2126968.0
10,Vail,1841094.0,1830132.0,1816077.0,1808497.0,1808753.0,1812265.0,1811703.0,1816375.0,1825136.0,1837393.0,1844914.0,1854773.0,1864209.0,1884729.0,1902368.0,1915558.0,1925028.0,1936524.0,1955015.0,1971079.0,1983018.0,1993800.0,2005638.0,2018297.0,2027306.0,2032546.0,2042140.0,2057345.0,2072425.0,2082471.0,2093657.0,2106669.0,2123316.0,2129606.0,2131144.0,2136433.0,2146443.0,2153556.0,2145654.0,2129876.0,2117105.0,2119894.0,2140321.0,2160953.0,2172654.0,2171601.0,2175861.0,2179277.0,2183946.0,2189284.0,2203454.0,2220850.0,2235951.0,2240267.0,2228271.0,2214959.0,2207181.0,2213976.0
11,Silverthorne,409683.0,413999.0,419783.0,425231.0,429429.0,431813.0,434417.0,436738.0,438851.0,441977.0,447317.0,453195.0,457824.0,459519.0,461731.0,464753.0,470681.0,476533.0,482444.0,488238.0,494448.0,501060.0,507467.0,513151.0,518775.0,525638.0,533160.0,540554.0,546192.0,551474.0,556457.0,561011.0,565291.0,568987.0,573679.0,576724.0,579164.0,582269.0,586858.0,590566.0,593535.0,595688.0,599030.0,599099.0,597253.0,596398.0,596238.0,598686.0,599966.0,600625.0,599512.0,598866.0,598959.0,599843.0,599845.0,602462.0,606476.0,609751.0
12,Salida,299108.0,301505.0,303821.0,306256.0,308757.0,311376.0,313846.0,316403.0,318971.0,321496.0,324090.0,326614.0,329441.0,332188.0,334923.0,337182.0,339496.0,341723.0,344143.0,346494.0,349064.0,351444.0,353975.0,356788.0,358755.0,360534.0,362138.0,364539.0,366716.0,368566.0,370094.0,371773.0,373195.0,374786.0,377074.0,379571.0,381868.0,383212.0,384164.0,385176.0,386646.0,388432.0,390291.0,391938.0,393535.0,394922.0,395290.0,395272.0,395883.0,397266.0,398957.0,400210.0,401108.0,401840.0,402544.0,403275.0,404068.0,404929.0
13,Basalt,627214.0,626261.0,624585.0,623698.0,626023.0,630759.0,633374.0,637041.0,638146.0,639953.0,640870.0,643590.0,646561.0,652693.0,658370.0,663156.0,665364.0,665307.0,666273.0,666348.0,668496.0,671279.0,674030.0,677326.0,680018.0,683643.0,687857.0,692522.0,696214.0,699958.0,703716.0,708549.0,713828.0,717930.0,721332.0,724139.0,727613.0,729654.0,728943.0,726939.0,727524.0,729357.0,734709.0,737606.0,739524.0,738794.0,739618.0,741043.0,741842.0,742462.0,744791.0,747880.0,749723.0,750820.0,748896.0,748314.0,747737.0,749424.0
14,Edwards,398234.0,396769.0,393827.0,393231.0,394520.0,396472.0,397375.0,398422.0,399683.0,400817.0,402200.0,403384.0,405288.0,408612.0,412525.0,414920.0,416141.0,417464.0,419227.0,420309.0,420671.0,421908.0,423262.0,425142.0,426616.0,427943.0,429890.0,432262.0,434453.0,435457.0,437059.0,439438.0,443251.0,445000.0,445967.0,446557.0,448431.0,449720.0,448482.0,446236.0,444958.0,445737.0,447727.0,449612.0,449718.0,449575.0,449858.0,451425.0,452203.0,453354.0,456188.0,460048.0,463690.0,466588.0,468490.0,470557.0,473815.0,478495.0
15,Leadville,186269.0,187230.0,188560.0,189724.0,190871.0,191607.0,192356.0,193281.0,194213.0,194938.0,195791.0,197166.0,198666.0,200084.0,201150.0,202276.0,203457.0,205077.0,206612.0,207935.0,209063.0,210252.0,211447.0,212739.0,214117.0,216000.0,217719.0,219355.0,220588.0,221702.0,222734.0,223754.0,224822.0,226008.0,227827.0,229365.0,230281.0,230985.0,232025.0,233381.0,234533.0,235681.0,236952.0,238053.0,239113.0,239976.0,240225.0,240483.0,241239.0,241887.0,242402.0,242684.0,243296.0,243844.0,244309.0,244909.0,245514.0,246159.0
16,Buena Vista,259386.0,261321.0,263244.0,265147.0,267008.0,268760.0,270597.0,272529.0,274441.0,276165.0,277909.0,279852.0,281950.0,283965.0,285891.0,287584.0,289418.0,291247.0,293224.0,295317.0,297635.0,299865.0,302188.0,304618.0,306438.0,308176.0,309778.0,311968.0,313882.0,315750.0,317342.0,318828.0,319866.0,321020.0,322924.0,324977.0,326955.0,328176.0,329174.0,330332.0,331659.0,333258.0,334748.0,336269.0,337793.0,339333.0,339942.0,340290.0,341037.0,342381.0,343930.0,345043.0,346066.0,346828.0,347703.0,348515.0,349457.0,350307.0
17,New Castle,299588.0,299455.0,300994.0,304494.0,306070.0,305783.0,305790.0,307116.0,309871.0,314407.0,317423.0,320331.0,323059.0,324596.0,325793.0,325476.0,328576.0,333181.0,337621.0,341276.0,342594.0,343748.0,344850.0,347832.0,351529.0,356205.0,359363.0,361289.0,362404.0,363927.0,365780.0,366277.0,367514.0,367569.0,369569.0,370222.0,369466.0,368121.0,367810.0,371330.0,373612.0,375241.0,374687.0,375942.0,376468.0,378000.0,377878.0,378268.0,379645.0,381256.0,382980.0,382778.0,383380.0,384166.0,386689.0,388767.0,391658.0,394469.0
18,Avon,364914.0,363772.0,361161.0,361154.0,363235.0,365070.0,365938.0,367252.0,369590.0,371730.0,373589.0,374526.0,375779.0,378534.0,382162.0,384718.0,386490.0,388342.0,391670.0,393932.0,395653.0,397559.0,399561.0,402196.0,404344.0,406256.0,408104.0,410271.0,411914.0,413403.0,415057.0,417422.0,420374.0,421896.0,422391.0,423068.0,424462.0,425424.0,424457.0,423313.0,422219.0,423078.0,426086.0,430237.0,431783.0,431166.0,431253.0,432348.0,433295.0,434248.0,436423.0,438631.0,441118.0,442107.0,441023.0,438886.0,438532.0,440485.0
19,Granby,325588.0,327061.0,328510.0,329982.0,330914.0,331700.0,332050.0,332970.0,334246.0,335466.0,336583.0,337790.0,339070.0,340606.0,341688.0,342434.0,342844.0,344230.0,346094.0,348971.0,351220.0,353972.0,357492.0,362145.0,366459.0,369898.0,373881.0,378113.0,382126.0,385143.0,388503.0,391940.0,396696.0,400514.0,405219.0,408095.0,411120.0,412776.0,413807.0,414850.0,416723.0,419080.0,420715.0,421806.0,423500.0,425399.0,425786.0,425364.0,425561.0,427012.0,428462.0,429507.0,429782.0,429647.0,429461.0,429089.0,427433.0,425667.0
20,Mancos,280389.0,281282.0,282019.0,282724.0,283443.0,282045.0,280536.0,279044.0,279991.0,280946.0,282119.0,283002.0,282507.0,282521.0,282872.0,284597.0,285186.0,286185.0,287100.0,288781.0,289710.0,290478.0,291307.0,292375.0,294533.0,296305.0,297875.0,298733.0,300239.0,301945.0,303953.0,305275.0,306107.0,306734.0,308230.0,309918.0,311740.0,312985.0,314136.0,314810.0,315621.0,316615.0,317588.0,318396.0,319629.0,320827.0,321284.0,321247.0,321102.0,321485.0,321951.0,322837.0,323502.0,323851.0,324027.0,324458.0,324854.0,325386.0
21,Parachute,199232.0,199399.0,200762.0,202757.0,203034.0,201812.0,200859.0,200880.0,201886.0,204199.0,205488.0,206578.0,205230.0,203591.0,202071.0,201785.0,203752.0,206835.0,209907.0,212171.0,213410.0,214408.0,216282.0,219375.0,223948.0,227780.0,230358.0,232053.0,233805.0,235658.0,237042.0,238011.0,239255.0,239623.0,240588.0,240823.0,240604.0,240576.0,241233.0,243899.0,245726.0,247013.0,247466.0,248735.0,249747.0,251399.0,252130.0,253137.0,254354.0,255906.0,257606.0,257961.0,258549.0,259376.0,261202.0,262833.0,264809.0,266788.0
22,Keystone,383209.0,387618.0,393218.0,398539.0,403188.0,405772.0,409025.0,411244.0,414142.0,418037.0,424080.0,429647.0,433904.0,435512.0,437944.0,441114.0,446558.0,452097.0,457845.0,463642.0,469721.0,476389.0,483039.0,490044.0,496604.0,504428.0,511782.0,519430.0,525816.0,532547.0,538903.0,544686.0,549888.0,553867.0,558221.0,560122.0,562465.0,565735.0,570426.0,573834.0,578081.0,581740.0,586109.0,585479.0,583305.0,581780.0,581382.0,583551.0,584353.0,584105.0,582575.0,581573.0,579930.0,578448.0,576355.0,578124.0,581014.0,583575.0
23,Palisade,241829.0,242613.0,243000.0,244613.0,245989.0,248800.0,250331.0,251612.0,251713.0,252440.0,253692.0,255488.0,256540.0,258301.0,259016.0,259481.0,259472.0,260047.0,261846.0,264109.0,266982.0,269348.0,270858.0,272736.0,275221.0,277838.0,280744.0,284138.0,287484.0,290832.0,293451.0,295644.0,296496.0,297852.0,300725.0,304430.0,306483.0,305661.0,305893.0,308098.0,312641.0,313923.0,313856.0,314182.0,317688.0,320662.0,322457.0,322671.0,324868.0,329350.0,333301.0,335667.0,336546.0,340129.0,345241.0,350457.0,354051.0,358250.0
24,Crested Butte,568513.0,575400.0,581827.0,585128.0,587809.0,590631.0,594146.0,595665.0,598009.0,599745.0,604079.0,607827.0,609256.0,610752.0,612163.0,615697.0,619359.0,623165.0,627257.0,632975.0,639201.0,645416.0,650521.0,655864.0,660933.0,666079.0,671433.0,676960.0,682318.0,686485.0,689978.0,693308.0,696615.0,700230.0,704316.0,707299.0,710026.0,711501.0,713593.0,715846.0,718144.0,720994.0,723921.0,726717.0,729320.0,730874.0,731631.0,732826.0,735130.0,738216.0,740590.0,742208.0,743728.0,745255.0,746856.0,748235.0,749528.0,751385.0
25,Carbondale,569915.0,571564.0,575636.0,582261.0,585581.0,586293.0,588169.0,591989.0,598075.0,606710.0,612405.0,617449.0,621503.0,622654.0,624398.0,626730.0,635550.0,644365.0,650280.0,655622.0,658078.0,662311.0,666578.0,674249.0,681556.0,692184.0,698255.0,701145.0,701307.0,705071.0,708635.0,710066.0,711945.0,710886.0,711732.0,709046.0,706633.0,703461.0,702769.0,707782.0,710470.0,712692.0,714232.0,718390.0,720713.0,723087.0,723891.0,727014.0,731138.0,734876.0,739018.0,740404.0,744004.0,746691.0,751080.0,754931.0,760945.0,768252.0
26,Whitewater,273908.0,273537.0,272950.0,273731.0,275089.0,278345.0,279324.0,279198.0,276645.0,276053.0,275070.0,276125.0,276697.0,278788.0,278591.0,277961.0,275530.0,273821.0,272929.0,273768.0,276150.0,278377.0,279579.0,281060.0,282946.0,284583.0,288207.0,292713.0,298335.0,303652.0,308552.0,313069.0,315956.0,319209.0,322488.0,325113.0,326281.0,326450.0,328731.0,331189.0,336527.0,338008.0,338534.0,337969.0,338709.0,339311.0,340001.0,341112.0,343617.0,346968.0,348304.0,349387.0,348313.0,350615.0,354155.0,358735.0,363288.0,368094.0
27,Rangely,173300.0,174851.0,176493.0,178226.0,179854.0,181512.0,182699.0,183847.0,184179.0,184572.0,185240.0,186510.0,188258.0,190371.0,192496.0,194089.0,195136.0,195993.0,197467.0,198635.0,200752.0,202527.0,204722.0,206270.0,207312.0,207050.0,206548.0,206596.0,207453.0,207590.0,207475.0,207524.0,206745.0,205721.0,204727.0,204710.0,204760.0,204267.0,203755.0,202904.0,202842.0,202915.0,203381.0,203227.0,203096.0,202521.0,201470.0,200172.0,198942.0,198494.0,198056.0,197637.0,196302.0,195120.0,193559.0,192342.0,191225.0,190509.0
28,Hayden,297930.0,298617.0,298818.0,299399.0,301211.0,302901.0,304243.0,304695.0,305482.0,305797.0,305863.0,305232.0,305644.0,306507.0,307615.0,307659.0,304876.0,302290.0,299601.0,299158.0,298877.0,299277.0,300111.0,301065.0,301469.0,302064.0,303020.0,305010.0,307661.0,309728.0,311283.0,311776.0,312007.0,311542.0,312116.0,312856.0,314067.0,314323.0,315131.0,316905.0,320819.0,324094.0,326568.0,327351.0,328096.0,327828.0,326378.0,325132.0,324991.0,325672.0,326097.0,325936.0,324790.0,324787.0,326082.0,329178.0,332826.0,337935.0
29,Mack,188547.0,189239.0,190972.0,194071.0,197238.0,200171.0,201346.0,201214.0,200743.0,200210.0,199164.0,198655.0,200462.0,205384.0,207844.0,209019.0,206659.0,205545.0,206305.0,209940.0,213930.0,215904.0,219301.0,221194.0,221557.0,219385.0,219690.0,222014.0,225655.0,229197.0,232219.0,235296.0,236459.0,239848.0,242481.0,247380.0,251017.0,254024.0,254961.0,257550.0,262225.0,267538.0,269254.0,268895.0,268668.0,267980.0,267375.0,266262.0,266900.0,268901.0,272085.0,273446.0,273697.0,273603.0,276691.0,281201.0,287154.0,293395.0
30,Crawford,294659.0,297306.0,299965.0,302137.0,303322.0,304130.0,304193.0,304868.0,305657.0,306789.0,308991.0,311098.0,312677.0,313280.0,314179.0,315518.0,316964.0,317705.0,319302.0,320433.0,322114.0,323352.0,325459.0,327203.0,328499.0,330104.0,331362.0,333035.0,333871.0,334986.0,335459.0,336375.0,336990.0,338294.0,339039.0,340844.0,342125.0,342530.0,341917.0,341778.0,343068.0,344855.0,346254.0,347620.0,348551.0,349078.0,348916.0,348550.0,348990.0,350137.0,352210.0,353685.0,354530.0,355059.0,356109.0,357134.0,358631.0,360308.0
31,Oak Creek,366480.0,367936.0,369026.0,369213.0,370277.0,371883.0,374066.0,375356.0,376186.0,376908.0,377731.0,378399.0,379125.0,380269.0,381751.0,383380.0,382866.0,381619.0,379795.0,380091.0,381023.0,382666.0,384418.0,386223.0,388102.0,389696.0,391659.0,394026.0,396965.0,399762.0,403006.0,405590.0,407495.0,407655.0,408352.0,409446.0,411185.0,412135.0,413397.0,415656.0,420257.0,423888.0,426253.0,426133.0,426124.0,425377.0,424236.0,423314.0,423067.0,423752.0,424349.0,424483.0,423462.0,423837.0,425513.0,429441.0,434007.0,440397.0
32,Wolcott,638912.0,632557.0,624624.0,620862.0,622036.0,625061.0,627139.0,628052.0,628443.0,626603.0,625721.0,623597.0,626766.0,632050.0,639688.0,643379.0,644945.0,646097.0,647445.0,643689.0,637117.0,634924.0,638692.0,647983.0,654097.0,658389.0,659951.0,660559.0,660736.0,660330.0,665122.0,673768.0,685296.0,690117.0,690087.0,689851.0,690626.0,693026.0,691640.0,692371.0,690561.0,689801.0,689306.0,691413.0,695212.0,697344.0,700482.0,700112.0,700136.0,698991.0,701043.0,702045.0,704860.0,706611.0,704897.0,699768.0,691945.0,687194.0
33,Frisco,425807.0,429434.0,433915.0,438496.0,444016.0,447547.0,451319.0,454390.0,457964.0,461738.0,466906.0,471179.0,474116.0,476382.0,480239.0,485312.0,490820.0,496171.0,501844.0,506874.0,511664.0,517638.0,523469.0,528871.0,533316.0,539411.0,545980.0,552592.0,558059.0,563649.0,568453.0,572890.0,577682.0,582001.0,587182.0,590640.0,594217.0,599171.0,604671.0,608750.0,611632.0,614278.0,618398.0,619031.0,617399.0,616071.0,616085.0,618548.0,620155.0,619906.0,618536.0,617952.0,618775.0,619827.0,620067.0,623295.0,628077.0,632543.0
34,Grand Lake,371688.0,373651.0,375727.0,377747.0,378629.0,378774.0,378554.0,379505.0,380814.0,382299.0,384263.0,386789.0,388948.0,390679.0,391869.0,393429.0,395521.0,398473.0,401465.0,405243.0,408416.0,411979.0,414354.0,417681.0,421030.0,424791.0,428960.0,432072.0,434358.0,436991.0,441280.0,445190.0,450908.0,455079.0,462051.0,465670.0,469682.0,471397.0,472699.0,474305.0,476770.0,478938.0,480204.0,480919.0,482159.0,483607.0,483411.0,483245.0,483412.0,484958.0,486371.0,487631.0,488194.0,488268.0,487842.0,487501.0,485696.0,484116.0
35,Winter Park,388020.0,390448.0,392368.0,394048.0,395214.0,396236.0,397131.0,398547.0,400476.0,402285.0,404628.0,406929.0,409529.0,412009.0,414736.0,417435.0,420607.0,424519.0,428907.0,433707.0,440149.0,447483.0,454775.0,460785.0,465998.0,471222.0,476287.0,482205.0,487843.0,493904.0,499443.0,505375.0,506320.0,506056.0,505856.0,508958.0,512266.0,514188.0,516088.0,517741.0,519912.0,521777.0,523441.0,524619.0,527922.0,531202.0,533481.0,533833.0,534589.0,536175.0,537546.0,538420.0,538681.0,538497.0,538301.0,537829.0,537445.0,537114.0
36,Ophir,427573.0,431402.0,434926.0,438931.0,442372.0,445958.0,453208.0,463320.0,472554.0,477848.0,483577.0,487504.0,489213.0,488210.0,489746.0,492479.0,494417.0,498056.0,503369.0,508632.0,511943.0,513653.0,515073.0,517770.0,522482.0,529292.0,535044.0,538181.0,540245.0,541044.0,540353.0,539867.0,539898.0,540707.0,543305.0,546794.0,550205.0,551865.0,552628.0,557241.0,562419.0,568307.0,571565.0,574100.0,576481.0,577395.0,576378.0,573525.0,571975.0,571056.0,571069.0,569335.0,567727.0,565992.0,566590.0,567655.0,568790.0,571040.0
37,Snowmass Village,927406.0,929987.0,931285.0,932601.0,934932.0,938145.0,940725.0,943798.0,946912.0,950628.0,953667.0,955498.0,956114.0,957113.0,958227.0,959955.0,961260.0,964390.0,968139.0,971793.0,974908.0,977746.0,981021.0,984657.0,989582.0,994803.0,1000326.0,1003061.0,1005139.0,1003279.0,1001668.0,998496.0,996087.0,993244.0,993357.0,994080.0,994731.0,992705.0,992403.0,992704.0,992706.0,991963.0,992085.0,994094.0,996949.0,998829.0,998320.0,997251.0,996242.0,997148.0,996721.0,997087.0,998082.0,1001093.0,1003250.0,1004749.0,1005451.0,1007261.0
38,Crestone,172629.0,174072.0,176566.0,178053.0,179225.0,179383.0,179806.0,180559.0,180978.0,181499.0,182080.0,182722.0,183878.0,185041.0,186031.0,186727.0,187748.0,188277.0,188179.0,188134.0,188673.0,189996.0,190940.0,191792.0,191929.0,192283.0,191366.0,191328.0,190938.0,192224.0,193354.0,194037.0,194399.0,193980.0,194719.0,195217.0,196056.0,196152.0,196791.0,197327.0,198188.0,198453.0,199349.0,200424.0,201481.0,202375.0,202548.0,203282.0,204045.0,205356.0,206960.0,208403.0,209804.0,211072.0,212150.0,213410.0,214878.0,216852.0
39,Julesburg,57697.0,57958.0,58107.0,58445.0,58833.0,59381.0,59814.0,60422.0,60964.0,61321.0,61719.0,62130.0,63000.0,64089.0,65083.0,65844.0,66416.0,66998.0,67501.0,67731.0,68038.0,68269.0,68701.0,69342.0,70161.0,70971.0,71792.0,72469.0,73148.0,73576.0,73854.0,74199.0,74500.0,75129.0,75808.0,76278.0,76440.0,76577.0,76951.0,77378.0,77681.0,78253.0,78570.0,78966.0,79177.0,79579.0,79655.0,79666.0,79746.0,79780.0,79629.0,79527.0,79525.0,79387.0,79482.0,79479.0,79568.0,79317.0
40,Sawpit,347718.0,348906.0,349218.0,350714.0,349734.0,350792.0,353375.0,358562.0,360464.0,361865.0,360935.0,363176.0,362453.0,363530.0,362138.0,359918.0,359955.0,361934.0,365905.0,367391.0,369434.0,371542.0,374762.0,374949.0,375057.0,375025.0,378438.0,381545.0,381669.0,380391.0,378527.0,379909.0,379993.0,379786.0,380175.0,381591.0,384110.0,384993.0,385935.0,387747.0,393857.0,401716.0,406623.0,407851.0,409771.0,412838.0,414951.0,416236.0,417981.0,420890.0,422735.0,424222.0,423477.0,421955.0,422752.0,425371.0,427868.0,429611.0
41,South Fork,249337.0,250560.0,251356.0,251767.0,252362.0,253821.0,254932.0,256693.0,258243.0,259992.0,261320.0,262702.0,263687.0,264612.0,265267.0,265974.0,266833.0,268000.0,269762.0,270451.0,270698.0,270796.0,271699.0,273095.0,274070.0,274990.0,276131.0,277724.0,279298.0,280264.0,280616.0,281318.0,281986.0,282996.0,284140.0,285448.0,286598.0,287360.0,287793.0,288728.0,289521.0,290903.0,292259.0,293190.0,293820.0,294032.0,294034.0,293853.0,294118.0,294747.0,295637.0,295979.0,296448.0,296714.0,297233.0,298164.0,299510.0,301108.0
42,Mount Crested Butte,307787.0,309785.0,312278.0,315420.0,318004.0,320307.0,321092.0,324334.0,327489.0,330641.0,332361.0,334329.0,335972.0,337122.0,339026.0,342052.0,345057.0,347200.0,348653.0,349472.0,350666.0,352053.0,354932.0,358046.0,361077.0,363474.0,361664.0,360220.0,358588.0,360891.0,362898.0,364852.0,366157.0,367603.0,370074.0,372692.0,374961.0,376046.0,378693.0,381284.0,384816.0,387206.0,389341.0,390477.0,390933.0,391620.0,391205.0,390885.0,390582.0,391662.0,393457.0,394831.0,395565.0,395377.0,395737.0,396971.0,399037.0,400887.0
43,Cokedale,64643.0,64836.0,65140.0,65834.0,66331.0,66903.0,67295.0,67388.0,67315.0,67053.0,67098.0,67818.0,68754.0,69749.0,70179.0,70326.0,70570.0,71295.0,72003.0,72873.0,73470.0,74512.0,75331.0,76192.0,76868.0,77176.0,77275.0,77484.0,77706.0,76953.0,76697.0,76256.0,76610.0,76031.0,76259.0,76305.0,76627.0,76727.0,76938.0,77058.0,76802.0,77029.0,77315.0,78223.0,78954.0,79415.0,79077.0,78692.0,78442.0,78508.0,78691.0,78925.0,79414.0,79873.0,80018.0,79734.0,79272.0,79397.0
44,Pleasant View,231211.0,232280.0,233992.0,235333.0,237486.0,237247.0,237395.0,236099.0,237236.0,238765.0,240170.0,242188.0,244617.0,246676.0,247646.0,249159.0,249145.0,250857.0,250564.0,253401.0,254075.0,255491.0,255874.0,256886.0,257950.0,259033.0,260937.0,262497.0,264762.0,266325.0,268772.0,270109.0,271689.0,272699.0,274105.0,275691.0,278501.0,279254.0,278572.0,275819.0,275153.0,274723.0,274026.0,272469.0,271921.0,271965.0,272037.0,271105.0,269257.0,268930.0,269469.0,271582.0,272144.0,272587.0,273235.0,274512.0,275379.0,276034.0
45,Ovid,44004.0,44215.0,44262.0,44451.0,44574.0,45149.0,45509.0,45906.0,45932.0,45974.0,45856.0,45992.0,46176.0,46425.0,46949.0,47107.0,47266.0,46892.0,46854.0,46768.0,47426.0,48192.0,49360.0,50370.0,51358.0,52145.0,52612.0,52940.0,52829.0,52820.0,52674.0,52906.0,52981.0,53091.0,53191.0,53269.0,53290.0,53484.0,53775.0,54170.0,54438.0,54779.0,55144.0,55493.0,55458.0,55351.0,54882.0,54541.0,54300.0,54027.0,53793.0,53631.0,53782.0,53929.0,54058.0,54037.0,54236.0,54475.0
46,Aguilar,109012.0,109256.0,109299.0,110022.0,110876.0,110742.0,110490.0,109453.0,109712.0,110585.0,111889.0,112904.0,113269.0,114040.0,114951.0,115594.0,115954.0,116880.0,118274.0,120178.0,121405.0,122397.0,122685.0,123281.0,124731.0,124545.0,123949.0,123068.0,123450.0,124480.0,125288.0,126149.0,126387.0,126202.0,126620.0,126844.0,126896.0,127474.0,128993.0,130358.0,131215.0,131249.0,131598.0,131517.0,131810.0,132141.0,132399.0,132579.0,132842.0,133383.0,133389.0,133709.0,133927.0,134401.0,134694.0,135247.0,135975.0,136968.0
47,Dillon,362850.0,366602.0,372103.0,376713.0,381143.0,383446.0,386264.0,389182.0,393158.0,398901.0,405772.0,411842.0,414658.0,416181.0,418462.0,422139.0,427110.0,431958.0,436364.0,440233.0,444141.0,448577.0,453144.0,457936.0,463564.0,470186.0,476553.0,482569.0,487415.0,492936.0,499381.0,505195.0,510339.0,513663.0,518150.0,521159.0,524731.0,529378.0,534434.0,539177.0,545330.0,551086.0,555838.0,555395.0,553723.0,553310.0,553448.0,555762.0,556161.0,555192.0,553569.0,551941.0,549410.0,546702.0,544097.0,545538.0,547848.0,549567.0
48,Tabernash,481480.0,483963.0,485909.0,487473.0,487966.0,488602.0,489090.0,490811.0,492744.0,494475.0,495930.0,497532.0,499308.0,501489.0,502793.0,503968.0,504279.0,506306.0,509945.0,515007.0,517813.0,519827.0,522193.0,527944.0,533502.0,537794.0,543213.0,549152.0,556402.0,560572.0,563216.0,565232.0,573343.0,582545.0,592181.0,595410.0,598500.0,600897.0,602574.0,604152.0,606183.0,609642.0,612031.0,614423.0,617890.0,621156.0,623195.0,623847.0,626005.0,628740.0,630912.0,632063.0,631539.0,630329.0,629577.0,627989.0,622160.0,615227.0
49,Placerville,657426.0,660241.0,664420.0,667573.0,668858.0,671346.0,673532.0,677146.0,678215.0,677605.0,677697.0,678219.0,674003.0,670391.0,667728.0,669331.0,673895.0,676094.0,678905.0,677552.0,679155.0,680955.0,684810.0,688768.0,693792.0,697799.0,700080.0,701682.0,702761.0,704082.0,704123.0,704981.0,706215.0,708219.0,712596.0,716217.0,718899.0,717301.0,715893.0,715018.0,710847.0,709516.0,706010.0,708752.0,708289.0,708928.0,703736.0,699227.0,696721.0,697868.0,699545.0,700426.0,703533.0,704931.0,708622.0,708361.0,710229.0,711367.0
50,Minturn,631570.0,629781.0,625677.0,626941.0,628908.0,631275.0,630518.0,632886.0,635975.0,640886.0,642021.0,643287.0,644315.0,651006.0,658673.0,661538.0,663844.0,665589.0,670538.0,675082.0,679245.0,684630.0,690224.0,698502.0,707403.0,714138.0,721033.0,730007.0,737530.0,744530.0,748219.0,755272.0,764152.0,768925.0,771428.0,772627.0,777277.0,782827.0,781190.0,779428.0,776524.0,779177.0,785958.0,790651.0,797460.0,801705.0,810420.0,814286.0,817083.0,818642.0,824928.0,830442.0,837009.0,838931.0,837945.0,836054.0,830871.0,828648.0
51,Mountain Village,934606.0,932972.0,933927.0,938006.0,943079.0,947702.0,952808.0,960796.0,968361.0,974678.0,977363.0,981000.0,983899.0,988900.0,991134.0,993407.0,994472.0,997747.0,1002751.0,1008691.0,1014612.0,1019512.0,1026286.0,1032463.0,1038112.0,1042478.0,1045886.0,1048418.0,1050488.0,1053978.0,1057889.0,1059571.0,1061758.0,1063176.0,1069435.0,1074678.0,1080530.0,1082257.0,1084081.0,1086200.0,1090313.0,1094222.0,1096554.0,1099042.0,1101438.0,1103675.0,1101142.0,1098580.0,1097353.0,1099454.0,1102363.0,1105348.0,1107216.0,1108044.0,1109438.0,1111648.0,1113883.0,1117192.0
52,Red Cliff,864861.0,853500.0,853098.0,861140.0,873448.0,886488.0,894186.0,906584.0,909534.0,921264.0,926617.0,936262.0,932904.0,930013.0,928683.0,928562.0,924131.0,916606.0,909874.0,902008.0,892516.0,877364.0,863457.0,852174.0,849657.0,848981.0,846522.0,839608.0,838144.0,841720.0,857941.0,878106.0,909766.0,931425.0,952424.0,966808.0,985597.0,990403.0,998261.0,1010716.0,1029552.0,1042327.0,1046285.0,1048800.0,1040395.0,1032665.0,1026865.0,1025378.0,1023713.0,1032391.0,1039755.0,1046888.0,1048228.0,1054056.0,1061277.0,1069581.0,1082793.0,1104534.0
53,Glade Park,280684.0,281398.0,284067.0,286586.0,290417.0,294738.0,297409.0,300249.0,302811.0,305862.0,306124.0,305917.0,307172.0,310662.0,312373.0,311301.0,307693.0,304359.0,303628.0,304213.0,306345.0,308435.0,311164.0,314301.0,315044.0,314495.0,315030.0,319035.0,325139.0,330508.0,334690.0,338080.0,338937.0,340423.0,342814.0,347310.0,351609.0,355143.0,359097.0,362533.0,363682.0,363670.0,362221.0,361478.0,361882.0,360299.0,358189.0,353743.0,351853.0,350941.0,349801.0,348258.0,348140.0,349541.0,352435.0,355376.0,358824.0,364001.0
54,Silverton,282747.0,278879.0,275118.0,272708.0,270876.0,268180.0,264504.0,262845.0,260002.0,257791.0,255085.0,255782.0,257293.0,259748.0,260420.0,260316.0,259688.0,260330.0,261675.0,262488.0,263969.0,265898.0,268382.0,270407.0,272542.0,275066.0,278099.0,280661.0,283106.0,284709.0,286989.0,288484.0,290404.0,291086.0,292222.0,292756.0,293288.0,293751.0,294986.0,296883.0,298959.0,300769.0,302273.0,303734.0,305253.0,306232.0,306867.0,307185.0,308023.0,308606.0,308788.0,308927.0,309178.0,309863.0,310335.0,311295.0,311878.0,313376.0
55,Peetz,130743.0,132651.0,134511.0,135365.0,135967.0,136275.0,136945.0,137471.0,138726.0,139335.0,140127.0,140842.0,141564.0,142041.0,142581.0,143884.0,145288.0,146595.0,147899.0,148826.0,149463.0,150245.0,151581.0,152913.0,154509.0,155428.0,156290.0,156304.0,156526.0,157755.0,159086.0,160735.0,161300.0,162477.0,162927.0,163947.0,163420.0,163926.0,163763.0,164672.0,164962.0,165380.0,165452.0,165462.0,166113.0,166167.0,166551.0,166096.0,166905.0,167245.0,168051.0,168290.0,168852.0,168806.0,168928.0,169003.0,169148.0,169410.0
56,Clark,470158.0,472573.0,474487.0,473283.0,473654.0,473832.0,476537.0,476979.0,477133.0,478616.0,480307.0,481613.0,482009.0,482684.0,483802.0,485740.0,482937.0,479289.0,474155.0,474109.0,475132.0,475755.0,476446.0,478198.0,480340.0,482626.0,484038.0,486960.0,491807.0,496259.0,499215.0,499893.0,500209.0,500137.0,500235.0,500287.0,501012.0,500904.0,502011.0,504624.0,510553.0,515272.0,518803.0,519493.0,519948.0,517964.0,515346.0,513058.0,512292.0,512386.0,512473.0,511299.0,508251.0,507061.0,508321.0,512437.0,517314.0,524913.0
57,Silver Cliff,142024.0,142046.0,142241.0,143483.0,144141.0,145383.0,146000.0,147012.0,147743.0,148387.0,149171.0,149637.0,151135.0,151644.0,152822.0,152825.0,153094.0,152646.0,152626.0,152514.0,152823.0,153604.0,154914.0,155972.0,156077.0,156862.0,157237.0,157626.0,157432.0,157424.0,157900.0,158544.0,159310.0,159519.0,159866.0,160618.0,161714.0,162462.0,162740.0,163280.0,164017.0,165227.0,166058.0,166711.0,167160.0,167787.0,167908.0,167920.0,168059.0,168360.0,169121.0,169935.0,170893.0,171566.0,172263.0,173079.0,173984.0,175019.0
58,Telluride,897082.0,897864.0,901347.0,907330.0,913106.0,918915.0,924919.0,931269.0,937557.0,943832.0,951320.0,956965.0,960655.0,963521.0,966343.0,971727.0,977525.0,983587.0,989042.0,994456.0,1000430.0,1006418.0,1013347.0,1021221.0,1029375.0,1036352.0,1041903.0,1046008.0,1049725.0,1054266.0,1059691.0,1064930.0,1068878.0,1072131.0,1077865.0,1084068.0,1090533.0,1093786.0,1097243.0,1100169.0,1104782.0,1109588.0,1113570.0,1117643.0,1121557.0,1124974.0,1123601.0,1121811.0,1121436.0,1124201.0,1127297.0,1130766.0,1132933.0,1134342.0,1135961.0,1137600.0,1139937.0,1143104.0
59,Ouray,365000.0,366869.0,368905.0,370491.0,372312.0,374307.0,375085.0,375971.0,376312.0,376844.0,376997.0,377365.0,377988.0,379336.0,380841.0,382385.0,383129.0,382954.0,383701.0,384626.0,386093.0,387553.0,389832.0,392095.0,393473.0,394635.0,396017.0,397473.0,398317.0,399421.0,401347.0,404228.0,406460.0,407748.0,409199.0,411290.0,413461.0,414563.0,414956.0,415626.0,416867.0,418773.0,419992.0,421334.0,421947.0,421935.0,420555.0,419083.0,418826.0,419405.0,420473.0,421458.0,422637.0,423532.0,424558.0,425178.0,426804.0,429639.0
60,Joes,142568.0,145277.0,147036.0,149431.0,151718.0,155270.0,156863.0,158311.0,159627.0,161614.0,163884.0,164998.0,165316.0,165715.0,166532.0,167920.0,168222.0,168834.0,170504.0,173086.0,175636.0,177511.0,179200.0,181575.0,184367.0,186427.0,187740.0,187766.0,189531.0,190065.0,191577.0,192461.0,194098.0,194663.0,196032.0,197911.0,199798.0,200902.0,202303.0,205329.0,208644.0,212576.0,214490.0,215756.0,215113.0,216127.0,215919.0,216010.0,215585.0,216039.0,216523.0,216159.0,214832.0,213444.0,212772.0,212597.0,213343.0,213403.0
61,Fraser,334718.0,336627.0,338483.0,340346.0,341754.0,343104.0,343870.0,345042.0,346417.0,347769.0,349060.0,350476.0,352457.0,354780.0,356780.0,358615.0,359844.0,362071.0,365529.0,370334.0,376652.0,383319.0,390262.0,395714.0,399632.0,402448.0,405887.0,409820.0,414787.0,418067.0,420972.0,423435.0,422413.0,420901.0,419399.0,421507.0,423975.0,425664.0,427108.0,428465.0,430214.0,432251.0,433879.0,435163.0,438278.0,441243.0,443192.0,443072.0,443564.0,444982.0,446173.0,447049.0,447073.0,447280.0,447483.0,447607.0,447438.0,447314.0
62,Kirk,124717.0,127657.0,129316.0,130390.0,131345.0,133287.0,134734.0,135767.0,136347.0,137084.0,137914.0,138240.0,138787.0,139239.0,140534.0,141881.0,142526.0,143128.0,144875.0,147046.0,149070.0,150937.0,152953.0,155175.0,157144.0,158525.0,158977.0,158663.0,158783.0,158557.0,157574.0,157183.0,157634.0,158927.0,159972.0,160787.0,161171.0,161019.0,161032.0,161910.0,164727.0,167891.0,170912.0,172531.0,172291.0,171893.0,171091.0,171790.0,172355.0,173629.0,175119.0,176337.0,175965.0,175497.0,175351.0,176020.0,177805.0,179371.0
63,Phippsburg,260693.0,261304.0,261415.0,259266.0,256679.0,255469.0,255074.0,254895.0,254114.0,254567.0,256092.0,256934.0,256542.0,256440.0,256979.0,258613.0,260630.0,261490.0,261492.0,259863.0,257898.0,255736.0,254191.0,253098.0,253216.0,253689.0,255577.0,257693.0,258770.0,259125.0,259220.0,261534.0,264132.0,265618.0,265713.0,266015.0,267585.0,268805.0,269025.0,269549.0,272489.0,275306.0,277094.0,276863.0,276762.0,276834.0,276674.0,276913.0,276908.0,277202.0,277796.0,278309.0,277847.0,278413.0,280440.0,283609.0,287045.0,291350.0
64,Log Lane Village,75809.0,75473.0,75163.0,74882.0,75367.0,75824.0,76246.0,76583.0,76810.0,77178.0,77663.0,78256.0,78550.0,79133.0,79614.0,80234.0,80485.0,81075.0,81614.0,82265.0,82752.0,83402.0,84052.0,84954.0,85932.0,87058.0,88187.0,89311.0,90148.0,90832.0,91317.0,92308.0,93194.0,94163.0,95223.0,96199.0,97030.0,97601.0,98532.0,99175.0,99909.0,100222.0,101079.0,101751.0,102968.0,103746.0,104151.0,104205.0,104649.0,105143.0,105329.0,105667.0,106110.0,106838.0,107200.0,107350.0,107117.0,107079.0
65,Poncha Springs,227921.0,229448.0,230771.0,232762.0,234650.0,236779.0,238155.0,239560.0,240928.0,242500.0,244396.0,246308.0,248452.0,250519.0,252317.0,253876.0,255243.0,256818.0,258887.0,260845.0,262767.0,264484.0,266967.0,269596.0,272193.0,274164.0,276567.0,278757.0,281056.0,282401.0,283782.0,285152.0,286584.0,287814.0,289226.0,290854.0,292464.0,293651.0,294529.0,295725.0,297289.0,299088.0,300702.0,302125.0,303746.0,305167.0,305770.0,305971.0,306335.0,307287.0,308251.0,309035.0,309436.0,309983.0,310457.0,311004.0,311275.0,311745.0
66,Woody Creek,355835.0,359219.0,360715.0,364086.0,366001.0,368139.0,370329.0,368946.0,367293.0,366698.0,369524.0,372674.0,377398.0,380756.0,384656.0,388472.0,394117.0,399457.0,402215.0,406671.0,411843.0,417155.0,420489.0,423953.0,427496.0,430915.0,434864.0,437541.0,440358.0,442710.0,448075.0,453936.0,459130.0,462217.0,465515.0,469328.0,472412.0,474094.0,475359.0,476526.0,476606.0,476436.0,476275.0,477148.0,477938.0,479622.0,480600.0,481269.0,481584.0,483061.0,484185.0,485635.0,487123.0,488786.0,489187.0,487962.0,486693.0,485434.0
